uberpandajesus	TheRedPill	warongiygas	Feminism	uberpandajesus	warongiygas	Undirected	27486		1.0		http://www.reddit.com/r/WTF/comments/2pkpif/yep_those_are_legs/
Stopher	TheRedPill	warongiygas	Feminism	Stopher	warongiygas	Undirected	32382		1.0		http://www.reddit.com/r/WTF/comments/2pkpif/yep_those_are_legs/
Hrodrik	TheRedPill	warongiygas	Feminism	Hrodrik	warongiygas	Undirected	67652		1.0		http://www.reddit.com/r/WTF/comments/2pkpif/yep_those_are_legs/
warongiygas	Feminism	Dreaswi	TheRedPill	warongiygas	Dreaswi	Undirected	84409		1.0		http://www.reddit.com/r/WTF/comments/2pkpif/yep_those_are_legs/
inonesock	Feminism	wont_tell_i_refuse	TheRedPill	inonesock	wont_tell_i_refuse	Undirected	47689		1.0		http://www.reddit.com/r/WTF/comments/2p2w01/this_is_madness_nsfw/
timewaitsforsome	TheRedPill	BaronMostaza	Feminism	timewaitsforsome	BaronMostaza	Undirected	78716		1.0		http://www.reddit.com/r/WTF/comments/2oyhp1/so_my_university_just_put_up_a_sculpture_of_a/
crasher555	TheRedPill	MeetzyMiauii	Feminism	crasher555	MeetzyMiauii	Undirected	84722		1.0		http://www.reddit.com/r/worldnews/comments/2pciwx/sydney_siege_sydney_commuters_volunteer_to_ride/
ilphae	TheRedPill	MeetzyMiauii	Feminism	ilphae	MeetzyMiauii	Undirected	86460		1.0		http://www.reddit.com/r/worldnews/comments/2pciwx/sydney_siege_sydney_commuters_volunteer_to_ride/
masterofannoyance	TheRedPill	_tripetta_	Feminism	masterofannoyance	_tripetta_	Undirected	27806		1.0		http://www.reddit.com/r/worldnews/comments/2ox2il/pope_to_shoppers_dont_buy_products_made_by/
PartyLand1928	Feminism	CapnScumbone	TheRedPill	PartyLand1928	CapnScumbone	Undirected	31482		1.0		http://www.reddit.com/r/whowouldwin/comments/2oeq5g/ginyu_force_vs_the_avengers/
Ududude	TheRedPill	foxfire	Feminism	Ududude	foxfire	Undirected	5615		1.0		http://www.reddit.com/r/videos/comments/2p4fwd/you_know_youre_a_good_parent_when_your_kids_are/
foxfire	Feminism	timewaitsforsome	TheRedPill	foxfire	timewaitsforsome	Undirected	64716		1.0		http://www.reddit.com/r/videos/comments/2p4fwd/you_know_youre_a_good_parent_when_your_kids_are/
phantomreader42	Feminism	WindowToAlaska	TheRedPill	phantomreader42	WindowToAlaska	Undirected	24801		1.0		http://www.reddit.com/r/TwoXChromosomes/comments/2pl1cu/a_missouri_republican_is_pushing_a_bill_that/
ISawJLawsBoobs	TheRedPill	noodleworm	Feminism	ISawJLawsBoobs	noodleworm	Undirected	29033		1.0		http://www.reddit.com/r/TwoXChromosomes/comments/2pi3vh/how_should_a_guy_taking_care_of_his_little_sister/
tenientj	TheRedPill	noodleworm	Feminism	tenientj	noodleworm	Undirected	17484		1.0		http://www.reddit.com/r/TwoXChromosomes/comments/2p62o2/my_boyfriend_says_i_nag_him_too_much_but_i_feel/
codeverity	Feminism	TRP_James	TheRedPill	codeverity	TRP_James	Undirected	159		1.0		http://www.reddit.com/r/TwoXChromosomes/comments/2p08ui/some_girl_friends_said_theyd_be_aghast_at/
EurasianAesthetics	TheRedPill	noodleworm	Feminism	EurasianAesthetics	noodleworm	Undirected	73814		1.0		http://www.reddit.com/r/TwoXChromosomes/comments/2oyp8a/toys_are_more_divided_by_gender_now_than_they/
kanaduhisfruityeh	TheRedPill	noodleworm	Feminism	kanaduhisfruityeh	noodleworm	Undirected	85767		1.0		http://www.reddit.com/r/TwoXChromosomes/comments/2oyp8a/toys_are_more_divided_by_gender_now_than_they/
TRP_Rookie	TheRedPill	noodleworm	Feminism	TRP_Rookie	noodleworm	Undirected	82611		1.0		http://www.reddit.com/r/TwoXChromosomes/comments/2ovbkn/a_reallife_red_pill_type/
phantomreader42	Feminism	vag_slime	TheRedPill	phantomreader42	vag_slime	Undirected	24805		1.0		http://www.reddit.com/r/TwoXChromosomes/comments/2j4k0r/everyone_else_got_professional_titles_i_got/
MagicGainbow	TheRedPill	pocahontas_daughter	Feminism	MagicGainbow	pocahontas_daughter	Undirected	44857		1.0		http://www.reddit.com/r/TwoXChromosomes/comments/2fven1/i_just_had_to_call_the_cops/
reticule	Feminism	Gold_Mouth	TheRedPill	reticule	Gold_Mouth	Undirected	34206		1.0		http://www.reddit.com/r/TumblrInAction/comments/2owlae/white_people_arent_allowed_to_say_this_new_word/
OverweightNinja	TheRedPill	sevenfortysevenworke	Feminism	OverweightNinja	sevenfortysevenworke	Undirected	11065		1.0		http://www.reddit.com/r/TumblrInAction/comments/2ont4o/how_to_have_sex_with_radfems_brought_to_you_by/
sevenfortysevenworke	Feminism	ohsweetword	TheRedPill	sevenfortysevenworke	ohsweetword	Undirected	71547		1.0		http://www.reddit.com/r/TumblrInAction/comments/2ont4o/how_to_have_sex_with_radfems_brought_to_you_by/
sevenfortysevenworke	Feminism	niczar	TheRedPill	sevenfortysevenworke	niczar	Undirected	71548		1.0		http://www.reddit.com/r/TumblrInAction/comments/2ont4o/how_to_have_sex_with_radfems_brought_to_you_by/
sevenfortysevenworke	Feminism	timewaitsforsome	TheRedPill	sevenfortysevenworke	timewaitsforsome	Undirected	71543		1.0		http://www.reddit.com/r/TumblrInAction/comments/2ont4o/how_to_have_sex_with_radfems_brought_to_you_by/
sevenfortysevenworke	Feminism	spectrum_92	TheRedPill	sevenfortysevenworke	spectrum_92	Undirected	71533		1.0		http://www.reddit.com/r/TumblrInAction/comments/2ont4o/how_to_have_sex_with_radfems_brought_to_you_by/
radicalracist	Feminism	foomfoomfoom	TheRedPill	radicalracist	foomfoomfoom	Undirected	15560		1.0		http://www.reddit.com/r/TrueReddit/comments/2pd0uq/how_ayn_rand_helped_turn_the_us_into_a_selfish/
Kai_	Feminism	aazav	TheRedPill	Kai_	aazav	Undirected	68286		1.0		http://www.reddit.com/r/TrueAtheism/comments/2ooant/interview_of_pastor_steven_anderson_who_believes/
bottiglie	Feminism	wreave	TheRedPill	bottiglie	wreave	Undirected	46601		1.0		http://www.reddit.com/r/TrollXChromosomes/comments/2pl1sd/this_comic_makes_me_so_happy/
wreave	TheRedPill	redminx17	Feminism	wreave	redminx17	Undirected	86473		1.0		http://www.reddit.com/r/TrollXChromosomes/comments/2pl1sd/this_comic_makes_me_so_happy/
TheSliceman	TheRedPill	bleunt	Feminism	TheSliceman	bleunt	Undirected	36353		1.0		http://www.reddit.com/r/todayilearned/comments/2poeeb/til_that_marilyn_manson_had_a_designated_driver/
TheSliceman	TheRedPill	Kingmudsy	Feminism	TheSliceman	Kingmudsy	Undirected	36369		1.0		http://www.reddit.com/r/todayilearned/comments/2poeeb/til_that_marilyn_manson_had_a_designated_driver/
bleunt	Feminism	timewaitsforsome	TheRedPill	bleunt	timewaitsforsome	Undirected	45344		1.0		http://www.reddit.com/r/todayilearned/comments/2poeeb/til_that_marilyn_manson_had_a_designated_driver/
timewaitsforsome	TheRedPill	Kingmudsy	Feminism	timewaitsforsome	Kingmudsy	Undirected	78740		1.0		http://www.reddit.com/r/todayilearned/comments/2poeeb/til_that_marilyn_manson_had_a_designated_driver/
PerkinsOhoolihan	Feminism	floppymammarygland	TheRedPill	PerkinsOhoolihan	floppymammarygland	Undirected	51832		1.0		http://www.reddit.com/r/todayilearned/comments/2pdmd5/til_82_of_black_women_in_the_us_are_overweight/
PerkinsOhoolihan	Feminism	JazzerciseMaster	TheRedPill	PerkinsOhoolihan	JazzerciseMaster	Undirected	51830		1.0		http://www.reddit.com/r/todayilearned/comments/2pdmd5/til_82_of_black_women_in_the_us_are_overweight/
PerkinsOhoolihan	Feminism	Sphincs	TheRedPill	PerkinsOhoolihan	Sphincs	Undirected	51831		1.0		http://www.reddit.com/r/todayilearned/comments/2pdmd5/til_82_of_black_women_in_the_us_are_overweight/
jim45804	Feminism	Year3030	TheRedPill	jim45804	Year3030	Undirected	10072		1.0		http://www.reddit.com/r/todayilearned/comments/2p975z/til_that_a_japanese_innkeeper_accused_a_student/
signorapaesior	Feminism	aazav	TheRedPill	signorapaesior	aazav	Undirected	60037		1.0		http://www.reddit.com/r/tifu/comments/2pl108/tifu_when_i_tried_to_give_300_to_a_friend_in_need/
FezPaladin	Feminism	timewaitsforsome	TheRedPill	FezPaladin	timewaitsforsome	Undirected	27107		1.0		http://www.reddit.com/r/tifu/comments/2p462k/tifu_by_shaking_my_penis_in_front_of_my/
reticule	Feminism	timewaitsforsome	TheRedPill	reticule	timewaitsforsome	Undirected	34212		1.0		http://www.reddit.com/r/tf2/comments/2pgarj/goodbye_tf2_ama/
timewaitsforsome	TheRedPill	Danorexic	Feminism	timewaitsforsome	Danorexic	Undirected	78700		1.0		http://www.reddit.com/r/technology/comments/2pkxlx/netflix_says_offline_playback_is_never_going_to/
ObsidianOne	TheRedPill	Yurell	Feminism	ObsidianOne	Yurell	Undirected	67183		1.0		http://www.reddit.com/r/Steam/comments/2ppbx0/steam_holiday_sale_wishlist_feature_thanks_valve/
Dr_Gabe_Lackman	TheRedPill	Danorexic	Feminism	Dr_Gabe_Lackman	Danorexic	Undirected	78553		1.0		http://www.reddit.com/r/space/comments/2p2p90/nasa_to_receive_more_money_than_it_requested_for/
timewaitsforsome	TheRedPill	ifimhereimnotworking	Feminism	timewaitsforsome	ifimhereimnotworking	Undirected	78722		1.0		http://www.reddit.com/r/Sonsofanarchy/comments/2otej9/discussion_thread_sons_of_anarchy_series_finale/
timewaitsforsome	TheRedPill	Jinxedballs	Feminism	timewaitsforsome	Jinxedballs	Undirected	78701		1.0		http://www.reddit.com/r/soccer/comments/2ndtcg/match_thread_cska_moscow_vs_as_roma/
naji247	TheRedPill	bartendin	Feminism	naji247	bartendin	Undirected	15118		1.0		http://www.reddit.com/r/singing/comments/2on1j2/critique_thread_post_all_critiques_here_december/
FezPaladin	Feminism	occupythekitchen	TheRedPill	FezPaladin	occupythekitchen	Undirected	27113		1.0		http://www.reddit.com/r/Showerthoughts/comments/2pcw8d/during_childhood_we_are_told_that_jokes_about_the/
TomHicks	TheRedPill	Cloud-to-Cloud	Feminism	TomHicks	Cloud-to-Cloud	Undirected	25911		1.0		http://www.reddit.com/r/ShitRedditSays/comments/2otzlv/redpiller_is_upvoted_and_gilded_in_rsex_how_much/
radicalracist	Feminism	FourLokoKills	TheRedPill	radicalracist	FourLokoKills	Undirected	15567		1.0		http://www.reddit.com/r/science/comments/2nv37y/new_vaccine_developed_to_prevent_lyme_disease/
Ombudsman_of_Funk	Feminism	redundanteater	TheRedPill	Ombudsman_of_Funk	redundanteater	Undirected	45538		1.0		http://www.reddit.com/r/relationships/comments/2ppm6x/me_29_m_with_my_wife_27_f_4_years_married_no_kids/
I_want_hard_work	TheRedPill	Noellani	Feminism	I_want_hard_work	Noellani	Undirected	70179		1.0		http://www.reddit.com/r/relationships/comments/2povx1/update_i_19f_will_get_over_wanting_a_romantic/
Dad7025	TheRedPill	beyondbliss	Feminism	Dad7025	beyondbliss	Undirected	77714		1.0		http://www.reddit.com/r/relationships/comments/2poc25/me_34_m_with_my_wife_32f_unhappy_with_my_wife_she/
neoj8888	TheRedPill	BadAtStuff	Feminism	neoj8888	BadAtStuff	Undirected	45917		1.0		http://www.reddit.com/r/relationships/comments/2po6ax/19f_i_have_recently_started_getting_into_shape/
redundanteater	TheRedPill	Noellani	Feminism	redundanteater	Noellani	Undirected	69028		1.0		http://www.reddit.com/r/relationships/comments/2pn49i/dating_a_guy_29m_and_ive_28f_never_seen_where_he/
timewaitsforsome	TheRedPill	Noellani	Feminism	timewaitsforsome	Noellani	Undirected	78768		1.0		http://www.reddit.com/r/relationships/comments/2pl5uv/my_38f_sister_26f_is_pregnant_and_is_angry_about/
codeverity	Feminism	Tarnsman4Life	TheRedPill	codeverity	Tarnsman4Life	Undirected	156		1.0		http://www.reddit.com/r/relationships/comments/2pj5vf/updatei_29f_just_found_out_that_my_fiance_30m_has/
BadAtStuff	Feminism	Tarnsman4Life	TheRedPill	BadAtStuff	Tarnsman4Life	Undirected	62307		1.0		http://www.reddit.com/r/relationships/comments/2pj5vf/updatei_29f_just_found_out_that_my_fiance_30m_has/
Workchoices	TheRedPill	Ombudsman_of_Funk	Feminism	Workchoices	Ombudsman_of_Funk	Undirected	38594		1.0		http://www.reddit.com/r/relationships/comments/2pd9gn/me_21f_with_my_boyfriend_23m_of_6_months_he/
MagicGainbow	TheRedPill	redminx17	Feminism	MagicGainbow	redminx17	Undirected	44814		1.0		http://www.reddit.com/r/relationships/comments/2pc3gd/my_father_50_m_with_a_cat_allergy_has_asked_that/
leftajar	TheRedPill	redminx17	Feminism	leftajar	redminx17	Undirected	53278		1.0		http://www.reddit.com/r/relationships/comments/2pc3gd/my_father_50_m_with_a_cat_allergy_has_asked_that/
Ombudsman_of_Funk	Feminism	nuetraveler	TheRedPill	Ombudsman_of_Funk	nuetraveler	Undirected	45532		1.0		http://www.reddit.com/r/relationships/comments/2p9fj4/i_23_m_received_a_fb_message_from_my_wifes_25_f/
codeverity	Feminism	WhiteTrashInTrouble	TheRedPill	codeverity	WhiteTrashInTrouble	Undirected	148		1.0		http://www.reddit.com/r/relationships/comments/2p6sr1/i_21m_think_i_was_raped_last_night_by_my_friend/
BadAtStuff	Feminism	bmunny1963	TheRedPill	BadAtStuff	bmunny1963	Undirected	62302		1.0		http://www.reddit.com/r/relationships/comments/2os00n/me_29_m_with_my_fiance_27_f_5_years_admitted_she/
Dad7025	TheRedPill	Noellani	Feminism	Dad7025	Noellani	Undirected	77701		1.0		http://www.reddit.com/r/relationships/comments/2or6kk/i_29f_with_my_husband_31m_for_3_years_how_to_tell/
Hirudin	TheRedPill	redminx17	Feminism	Hirudin	redminx17	Undirected	60516		1.0		http://www.reddit.com/r/relationships/comments/2ollw2/my_20_f_boyfriend_22_m_was_made_legal_guardian/
Ronin11A	TheRedPill	RealityDrinker	Feminism	Ronin11A	RealityDrinker	Undirected	16319		1.0		http://www.reddit.com/r/relationships/comments/2m6szl/update_me_31_m_with_my_wife_31_f_married_six/
timewaitsforsome	TheRedPill	RealityDrinker	Feminism	timewaitsforsome	RealityDrinker	Undirected	78759		1.0		http://www.reddit.com/r/relationships/comments/2m6szl/update_me_31_m_with_my_wife_31_f_married_six/
aescnt	TheRedPill	blue_acorns	Feminism	aescnt	blue_acorns	Undirected	73320		1.0		http://www.reddit.com/r/raisedbynarcissists/comments/2n0vew/holiday_support_thread/
ComplexCat	Feminism	Buckfost	TheRedPill	ComplexCat	Buckfost	Undirected	37909		1.0		http://www.reddit.com/r/PublicFreakout/comments/2nzz39/creepy_pedophile_minifreakout/
Fuzzlefluff	TheRedPill	sevenfortysevenworke	Feminism	Fuzzlefluff	sevenfortysevenworke	Undirected	18884		1.0		http://www.reddit.com/r/politics/comments/2oixw8/being_a_cop_showed_me_just_how_racist_and_violent/
vengefully_yours	TheRedPill	coralfershoral	Feminism	vengefully_yours	coralfershoral	Undirected	18321		1.0		http://www.reddit.com/r/politics/comments/2mdvf9/the_pipeline_from_hell_theres_no_good_reason_to/
coralfershoral	Feminism	Hrodrik	TheRedPill	coralfershoral	Hrodrik	Undirected	22350		1.0		http://www.reddit.com/r/politics/comments/2mdvf9/the_pipeline_from_hell_theres_no_good_reason_to/
coralfershoral	Feminism	LAMFF	TheRedPill	coralfershoral	LAMFF	Undirected	22336		1.0		http://www.reddit.com/r/politics/comments/2mdvf9/the_pipeline_from_hell_theres_no_good_reason_to/
Kirkayak	TheRedPill	FinickyPenance	Feminism	Kirkayak	FinickyPenance	Undirected	39068		1.0		http://www.reddit.com/r/PoliticalDiscussion/comments/2oyyms/what_are_social_justice_warriors_where_do_come/
rockumsockumrobots	TheRedPill	PerkinsOhoolihan	Feminism	rockumsockumrobots	PerkinsOhoolihan	Undirected	49693		1.0		http://www.reddit.com/r/pics/comments/2pj1q9/i_never_thought_id_see_this_in_my_lifetime/
rockumsockumrobots	TheRedPill	Kai_	Feminism	rockumsockumrobots	Kai_	Undirected	49771		1.0		http://www.reddit.com/r/pics/comments/2pj1q9/i_never_thought_id_see_this_in_my_lifetime/
BruteOfTroy	Feminism	timewaitsforsome	TheRedPill	BruteOfTroy	timewaitsforsome	Undirected	1491		1.0		http://www.reddit.com/r/pics/comments/2pi8dl/when_trying_to_take_a_cool_picture_of_yourself/
Perfected	TheRedPill	ilikecheese121	Feminism	Perfected	ilikecheese121	Undirected	13465		1.0		http://www.reddit.com/r/pics/comments/2p74nk/police_brutality_protests_right_now_in_washington/
flatox	TheRedPill	LydiaBendrick19	Feminism	flatox	LydiaBendrick19	Undirected	27139		1.0		http://www.reddit.com/r/pics/comments/2p1r8m/the_vet_sent_us_this_after_having_to_put_our_10/
LydiaBendrick19	Feminism	timewaitsforsome	TheRedPill	LydiaBendrick19	timewaitsforsome	Undirected	70926		1.0		http://www.reddit.com/r/pics/comments/2p1r8m/the_vet_sent_us_this_after_having_to_put_our_10/
allisonwonderland00	Feminism	nived321	TheRedPill	allisonwonderland00	nived321	Undirected	49379		1.0		http://www.reddit.com/r/pics/comments/2oovwb/i_told_my_mom_i_was_really_sick_today_an_hour/
Bphan01	Feminism	timewaitsforsome	TheRedPill	Bphan01	timewaitsforsome	Undirected	70639		1.0		http://www.reddit.com/r/pics/comments/2ok6qn/stuck_his_head_in_a_hole_in_a_tree_to_take_a_look/
Hrodrik	TheRedPill	Endemoniada	Feminism	Hrodrik	Endemoniada	Undirected	67691		1.0		http://www.reddit.com/r/pics/comments/2o45w8/a_picture_my_brothers_and_i_took_over_the_weekend/
Northern-Pyro	Feminism	timewaitsforsome	TheRedPill	Northern-Pyro	timewaitsforsome	Undirected	74241		1.0		http://www.reddit.com/r/pcmasterrace/comments/2pomiq/this_is_how_i_used_a_keyboard_when_i_first/
timewaitsforsome	TheRedPill	AbigailLilac	Feminism	timewaitsforsome	AbigailLilac	Undirected	78776		1.0		http://www.reddit.com/r/pcmasterrace/comments/2pn53t/we_have_lost_a_brother/
timewaitsforsome	TheRedPill	warongiygas	Feminism	timewaitsforsome	warongiygas	Undirected	78747		1.0		http://www.reddit.com/r/pcmasterrace/comments/2pkj67/if_you_can_see_pass_30_fps_u_are_super_human/
foxevv	TheRedPill	PerkinsOhoolihan	Feminism	foxevv	PerkinsOhoolihan	Undirected	14888		1.0		http://www.reddit.com/r/Paleo/comments/2plbee/according_to_uk_dietitians_the_only_worse_diet/
Rangerbear	Feminism	CJ090	TheRedPill	Rangerbear	CJ090	Undirected	5510		1.0		http://www.reddit.com/r/OkCupid/comments/2pb2qc/we_both_live_in_a_town_where_they_run_around_the/
Jaereth	TheRedPill	bartendin	Feminism	Jaereth	bartendin	Undirected	41318		1.0		http://www.reddit.com/r/offmychest/comments/2pow1h/why_do_a_secret_santa_if_youre_going_to_be_cheap/
smokingmonkey420	TheRedPill	Tattie4	Feminism	smokingmonkey420	Tattie4	Undirected	34132		1.0		http://www.reddit.com/r/offmychest/comments/29ikkc/so_im_a_teenage_girl_with_hairy_legs/
AdmiralVonJackass	TheRedPill	Northern-Pyro	Feminism	AdmiralVonJackass	Northern-Pyro	Undirected	19573		1.0		http://www.reddit.com/r/oddlysatisfying/comments/2nrww5/these_gas_lines/
BruteOfTroy	Feminism	konoplya	TheRedPill	BruteOfTroy	konoplya	Undirected	1497		1.0		http://www.reddit.com/r/nottheonion/comments/2pcuwd/sydney_teen_who_yelled_kill_the_jews_sentenced_to/
Groovilicious	Feminism	jerrytheman1998	TheRedPill	Groovilicious	jerrytheman1998	Undirected	71566		1.0		http://www.reddit.com/r/nononono/comments/254nhh/nonononono/
RespiratoryTherapist	TheRedPill	_Kind_Sir_	Feminism	RespiratoryTherapist	_Kind_Sir_	Undirected	69480		1.0		http://www.reddit.com/r/news/comments/2pl7yy/obama_no_black_male_my_age_hasnt_been_mistaken/
last_to_know	TheRedPill	NotRenton	Feminism	last_to_know	NotRenton	Undirected	36039		1.0		http://www.reddit.com/r/news/comments/2oqx5o/student_killed_himself_after_100_payday_loan_debt/
sevenfortysevenworke	Feminism	RickDeckard22	TheRedPill	sevenfortysevenworke	RickDeckard22	Undirected	71540		1.0		http://www.reddit.com/r/news/comments/2o56hy/disturbing_video_of_a_denver_police_officer/
codeverity	Feminism	clone9786	TheRedPill	codeverity	clone9786	Undirected	134		1.0		http://www.reddit.com/r/NetflixBestOf/comments/2p6o1u/the_emperors_new_groove_2000_underappreciated/
timewaitsforsome	TheRedPill	packerchic322	Feminism	timewaitsforsome	packerchic322	Undirected	78785		1.0		http://www.reddit.com/r/Music/comments/2onaa7/i_am_andrew_mcmahon_back_again_on_reddit_you/
needless_pickup_line	TheRedPill	AdumbroDeus	Feminism	needless_pickup_line	AdumbroDeus	Undirected	48192		1.0		http://www.reddit.com/r/movies/comments/2os4u1/christian_bale_defends_the_allwhite_casting_of/
campbell3	Feminism	instaswole	TheRedPill	campbell3	instaswole	Undirected	45421		1.0		http://www.reddit.com/r/movies/comments/2no7ht/official_yt_channelstar_wars_the_force_awakens/
campbell3	Feminism	timewaitsforsome	TheRedPill	campbell3	timewaitsforsome	Undirected	45420		1.0		http://www.reddit.com/r/movies/comments/2no7ht/official_yt_channelstar_wars_the_force_awakens/
3rdLion	TheRedPill	ModalSurrealist	Feminism	3rdLion	ModalSurrealist	Undirected	40245		1.0		http://www.reddit.com/r/MMA/comments/2pl5vi/dan_hardy_says_diego_sanchezs_style_is/
smokeybehr	TheRedPill	Shakimah	Feminism	smokeybehr	Shakimah	Undirected	50394		1.0		http://www.reddit.com/r/MensRights/comments/2eyitb/antidrug_nail_polish_is_bad_now_with_more_misandry/
detatouage	Feminism	aazav	TheRedPill	detatouage	aazav	Undirected	46737		1.0		http://www.reddit.com/r/LifeProTips/comments/2od5c0/lpt_mac_book_users_hover_your_mouse_over_any_word/
sevenfortysevenworke	Feminism	cheesymold	TheRedPill	sevenfortysevenworke	cheesymold	Undirected	71527		1.0		http://www.reddit.com/r/LifeProTips/comments/2nz0eq/lpt_no_woman_makes_multiple_excuses_to_not_hang/
Harry_Scarface	Feminism	whitey_sorkin	TheRedPill	Harry_Scarface	whitey_sorkin	Undirected	13648		1.0		http://www.reddit.com/r/Libertarian/comments/2oyr67/gun_rights_are_favored_over_gun_control_for_first/
Harry_Scarface	Feminism	DoublethinkExpress	TheRedPill	Harry_Scarface	DoublethinkExpress	Undirected	13650		1.0		http://www.reddit.com/r/Libertarian/comments/2oyr67/gun_rights_are_favored_over_gun_control_for_first/
BadAtStuff	Feminism	p3rciv3l	TheRedPill	BadAtStuff	p3rciv3l	Undirected	62310		1.0		http://www.reddit.com/r/Libertarian/comments/2on6wi/more_relevant_than_ever_racism_collectivism/
rh1n0man	Feminism	timewaitsforsome	TheRedPill	rh1n0man	timewaitsforsome	Undirected	31667		1.0		http://www.reddit.com/r/leagueoflegends/comments/2p8abe/curse_announces_fenix_to_the_mid_lane/
I_want_hard_work	TheRedPill	seamonkeybrainz	Feminism	I_want_hard_work	seamonkeybrainz	Undirected	70114		1.0		http://www.reddit.com/r/interestingasfuck/comments/2ovba4/a_revolutionary_spoon_that_helps_a_man_with/
LineOfCoke	TheRedPill	sondra711	Feminism	LineOfCoke	sondra711	Undirected	6668		1.0		http://www.reddit.com/r/IAmA/comments/2oe6o4/iama_the_owner_of_beauty_town_plus_located_in/
Tysonzero	Feminism	timewaitsforsome	TheRedPill	Tysonzero	timewaitsforsome	Undirected	75038		1.0		http://www.reddit.com/r/gaming/comments/2ph94i/what_far_cry_5_may_be_like/
jim45804	Feminism	timewaitsforsome	TheRedPill	jim45804	timewaitsforsome	Undirected	10065		1.0		http://www.reddit.com/r/gaming/comments/2ow3ii/indiana_jones_atari_2600_vs_nathan_drake_ps4/
WiseDreamer	Feminism	iamnotfromtexas90	TheRedPill	WiseDreamer	iamnotfromtexas90	Undirected	33911		1.0		http://www.reddit.com/r/gaming/comments/2oufxm/found_this_in_walmart/
WiseDreamer	Feminism	ioncloud9	TheRedPill	WiseDreamer	ioncloud9	Undirected	33917		1.0		http://www.reddit.com/r/gaming/comments/2oufxm/found_this_in_walmart/
Kai_	Feminism	MightyTaint	TheRedPill	Kai_	MightyTaint	Undirected	68283		1.0		http://www.reddit.com/r/funny/comments/2pmfux/student_demands_finals_be_postponed_professor/
timewaitsforsome	TheRedPill	_Kind_Sir_	Feminism	timewaitsforsome	_Kind_Sir_	Undirected	78783		1.0		http://www.reddit.com/r/funny/comments/2pl9x7/a_friend_of_mine_is_vegan_so_i_went_to_the_store/
_valtiel_	TheRedPill	feminancy	Feminism	_valtiel_	feminancy	Undirected	34548		1.0		http://www.reddit.com/r/funny/comments/2pi8v5/guys_i_think_im_in_trouble_i_forgot_to_return/
feminancy	Feminism	timewaitsforsome	TheRedPill	feminancy	timewaitsforsome	Undirected	60671		1.0		http://www.reddit.com/r/funny/comments/2pi8v5/guys_i_think_im_in_trouble_i_forgot_to_return/
whitey_sorkin	TheRedPill	AdumbroDeus	Feminism	whitey_sorkin	AdumbroDeus	Undirected	22319		1.0		http://www.reddit.com/r/funny/comments/2p1he9/every_time_someone_complains_about_americans_on/
duncanmcconchie	Feminism	timewaitsforsome	TheRedPill	duncanmcconchie	timewaitsforsome	Undirected	72137		1.0		http://www.reddit.com/r/funny/comments/2p1he9/every_time_someone_complains_about_americans_on/
watersign	TheRedPill	rainbowtutucoutu	Feminism	watersign	rainbowtutucoutu	Undirected	44074		1.0		http://www.reddit.com/r/funny/comments/2ohaps/my_experience_of_tinder_so_far/
RespiratoryTherapist	TheRedPill	funyuns2	Feminism	RespiratoryTherapist	funyuns2	Undirected	69471		1.0		http://www.reddit.com/r/funny/comments/2nh4t2/one_of_my_more_elderly_customers_gave_me_this/
ScumbagBillionaire	TheRedPill	ZenMistress	Feminism	ScumbagBillionaire	ZenMistress	Undirected	79313		1.0		http://www.reddit.com/r/Fitness/comments/2pgvvx/fitness_have_you_ever_noticed_yourself_taking/
ZenMistress	Feminism	The_Americano	TheRedPill	ZenMistress	The_Americano	Undirected	85893		1.0		http://www.reddit.com/r/Fitness/comments/2pgvvx/fitness_have_you_ever_noticed_yourself_taking/
ZombieJorge	TheRedPill	derivativelvelocity	Feminism	ZombieJorge	derivativelvelocity	Undirected	75531		1.0		http://www.reddit.com/r/Fitness/comments/2p1e77/can_exercise_help_my_depression/
jaedekdee	TheRedPill	derivativelvelocity	Feminism	jaedekdee	derivativelvelocity	Undirected	76191		1.0		http://www.reddit.com/r/Fitness/comments/2nvkl8/15_year_back_transformation_with_almost/
leftajar	TheRedPill	sevenfortysevenworke	Feminism	leftajar	sevenfortysevenworke	Undirected	53332		1.0		http://www.reddit.com/r/FeMRADebates/comments/2oqtdo/how_common_are_false_accusations/
MrMagwitch	TheRedPill	WiseDreamer	Feminism	MrMagwitch	WiseDreamer	Undirected	21570		1.0		http://www.reddit.com/r/fatpeoplehate/comments/2ougz5/fit_to_fat_brendan_fraser_edition/
RRBeachFG2	TheRedPill	AbigailLilac	Feminism	RRBeachFG2	AbigailLilac	Undirected	65623		1.0		http://www.reddit.com/r/facepalm/comments/2nm9re/was_my_friend_a_good_guy_or_a_scumbag_for_doing/
cyathea	TheRedPill	mycatsleepsalot	Feminism	cyathea	mycatsleepsalot	Undirected	24572		1.0		http://www.reddit.com/r/explainlikeimfive/comments/2oqfa4/eli5_why_do_nontame_animals_stop_struggling_when/
maggiemoosecakes	Feminism	colordrops	TheRedPill	maggiemoosecakes	colordrops	Undirected	66196		1.0		http://www.reddit.com/r/explainlikeimfive/comments/2oldpx/eli5why_right_before_you_go_to_sleep_do_you_feel/
scamper_22	TheRedPill	MeetzyMiauii	Feminism	scamper_22	MeetzyMiauii	Undirected	70432		1.0		http://www.reddit.com/r/exmuslim/comments/2pk657/why_does_the_rest_of_reddit_seem_to_have_a_love/
ZergPan	TheRedPill	cparen	Feminism	ZergPan	cparen	Undirected	53466		1.0		http://www.reddit.com/r/europe/comments/2pk8t2/russians_lined_up_out_the_doors_of_shops_to_get/
maouthse	TheRedPill	Jinxedballs	Feminism	maouthse	Jinxedballs	Undirected	58595		1.0		http://www.reddit.com/r/electronicmusic/comments/2g0x14/i_am_djproducer_eric_prydz_ask_me_anything/
dherik	TheRedPill	negroyverde	Feminism	dherik	negroyverde	Undirected	43890		1.0		http://www.reddit.com/r/DumpsterDiving/comments/2p4acq/so_im_new_here_and_have_been_looking_over_a_lot/
happycow12	Feminism	Gravityflexo	TheRedPill	happycow12	Gravityflexo	Undirected	49963		1.0		http://www.reddit.com/r/cringepics/comments/2p58h3/this_guy_posted_at_an_anonymous_board_about/
Ma_Cy	Feminism	crasher555	TheRedPill	Ma_Cy	crasher555	Undirected	81984		1.0		http://www.reddit.com/r/canada/comments/2p2sav/im_becoming_canadian_today/
bepdub	TheRedPill	scienceismyjam	Feminism	bepdub	scienceismyjam	Undirected	34612		1.0		http://www.reddit.com/r/camping/comments/2pjzuv/this_sucks/
allisonwonderland00	Feminism	ZenNate	TheRedPill	allisonwonderland00	ZenNate	Undirected	49380		1.0		http://www.reddit.com/r/bipolar/comments/2pao7t/how_do_you_guys_handle_alcohol/
alizarincrimson7	Feminism	anonlymouse	TheRedPill	alizarincrimson7	anonlymouse	Undirected	55757		1.0		http://www.reddit.com/r/bigdickproblems/comments/2poj7l/her_iud_stabbed_the_end_of_my_penis_like_a_needle/
Lostforwords2	Feminism	Jaereth	TheRedPill	Lostforwords2	Jaereth	Undirected	15099		1.0		http://www.reddit.com/r/aww/comments/2pkhu3/my_girlfriend_got_a_hamster_her_dog_sat_like_this/
Lostforwords2	Feminism	timewaitsforsome	TheRedPill	Lostforwords2	timewaitsforsome	Undirected	15107		1.0		http://www.reddit.com/r/aww/comments/2pkhu3/my_girlfriend_got_a_hamster_her_dog_sat_like_this/
bagelrocket	Feminism	timewaitsforsome	TheRedPill	bagelrocket	timewaitsforsome	Undirected	3911		1.0		http://www.reddit.com/r/aww/comments/2pgs9l/my_dad_was_originally_opposed_to_us_getting_a_dog/
thatoneirishmate	TheRedPill	CyalumeSaber	Feminism	thatoneirishmate	CyalumeSaber	Undirected	39590		1.0		http://www.reddit.com/r/atheism/comments/2piyls/my_dog_tags_from_the_usmc/
bartendin	Feminism	discardoursouls	TheRedPill	bartendin	discardoursouls	Undirected	57013		1.0		http://www.reddit.com/r/atheism/comments/2pf2cn/thanks_to_las_antivaxxer_parents_whooping_cough/
typhoonfever	TheRedPill	CyalumeSaber	Feminism	typhoonfever	CyalumeSaber	Undirected	13241		1.0		http://www.reddit.com/r/atheism/comments/2p4rax/i_will_not_grow_out_of_atheism/
WiseDreamer	Feminism	Gravityflexo	TheRedPill	WiseDreamer	Gravityflexo	Undirected	33923		1.0		http://www.reddit.com/r/atheism/comments/2ob4t5/3_days_later_this_after_this_video_this_atheist/
ProjectShamrock	TheRedPill	happycow12	Feminism	ProjectShamrock	happycow12	Undirected	3971		1.0		http://www.reddit.com/r/AskReddit/comments/2podo2/reddit_what_are_health_myths_most_people_believe/
foxevv	TheRedPill	happycow12	Feminism	foxevv	happycow12	Undirected	14918		1.0		http://www.reddit.com/r/AskReddit/comments/2podo2/reddit_what_are_health_myths_most_people_believe/
Jaereth	TheRedPill	happycow12	Feminism	Jaereth	happycow12	Undirected	41277		1.0		http://www.reddit.com/r/AskReddit/comments/2podo2/reddit_what_are_health_myths_most_people_believe/
happycow12	Feminism	jesuskater	TheRedPill	happycow12	jesuskater	Undirected	49957		1.0		http://www.reddit.com/r/AskReddit/comments/2podo2/reddit_what_are_health_myths_most_people_believe/
happycow12	Feminism	Snivellious	TheRedPill	happycow12	Snivellious	Undirected	49951		1.0		http://www.reddit.com/r/AskReddit/comments/2podo2/reddit_what_are_health_myths_most_people_believe/
happycow12	Feminism	blue_27	TheRedPill	happycow12	blue_27	Undirected	49959		1.0		http://www.reddit.com/r/AskReddit/comments/2podo2/reddit_what_are_health_myths_most_people_believe/
happycow12	Feminism	dropkickoz	TheRedPill	happycow12	dropkickoz	Undirected	49953		1.0		http://www.reddit.com/r/AskReddit/comments/2podo2/reddit_what_are_health_myths_most_people_believe/
happycow12	Feminism	sailorJery	TheRedPill	happycow12	sailorJery	Undirected	49956		1.0		http://www.reddit.com/r/AskReddit/comments/2podo2/reddit_what_are_health_myths_most_people_believe/
happycow12	Feminism	Buckfost	TheRedPill	happycow12	Buckfost	Undirected	49971		1.0		http://www.reddit.com/r/AskReddit/comments/2podo2/reddit_what_are_health_myths_most_people_believe/
happycow12	Feminism	johnrgrace	TheRedPill	happycow12	johnrgrace	Undirected	49970		1.0		http://www.reddit.com/r/AskReddit/comments/2podo2/reddit_what_are_health_myths_most_people_believe/
happycow12	Feminism	trudenter	TheRedPill	happycow12	trudenter	Undirected	49968		1.0		http://www.reddit.com/r/AskReddit/comments/2podo2/reddit_what_are_health_myths_most_people_believe/
happycow12	Feminism	justskatedude	TheRedPill	happycow12	justskatedude	Undirected	49967		1.0		http://www.reddit.com/r/AskReddit/comments/2podo2/reddit_what_are_health_myths_most_people_believe/
happycow12	Feminism	NotReallyEthicalLOL	TheRedPill	happycow12	NotReallyEthicalLOL	Undirected	49974		1.0		http://www.reddit.com/r/AskReddit/comments/2podo2/reddit_what_are_health_myths_most_people_believe/
happycow12	Feminism	Idle_Redditing	TheRedPill	happycow12	Idle_Redditing	Undirected	49972		1.0		http://www.reddit.com/r/AskReddit/comments/2podo2/reddit_what_are_health_myths_most_people_believe/
happycow12	Feminism	dongpal	TheRedPill	happycow12	dongpal	Undirected	49961		1.0		http://www.reddit.com/r/AskReddit/comments/2podo2/reddit_what_are_health_myths_most_people_believe/
happycow12	Feminism	colovick	TheRedPill	happycow12	colovick	Undirected	49976		1.0		http://www.reddit.com/r/AskReddit/comments/2podo2/reddit_what_are_health_myths_most_people_believe/
happycow12	Feminism	Sadpanda596	TheRedPill	happycow12	Sadpanda596	Undirected	49960		1.0		http://www.reddit.com/r/AskReddit/comments/2podo2/reddit_what_are_health_myths_most_people_believe/
happycow12	Feminism	teeelo	TheRedPill	happycow12	teeelo	Undirected	49965		1.0		http://www.reddit.com/r/AskReddit/comments/2podo2/reddit_what_are_health_myths_most_people_believe/
happycow12	Feminism	mrhelton	TheRedPill	happycow12	mrhelton	Undirected	49955		1.0		http://www.reddit.com/r/AskReddit/comments/2podo2/reddit_what_are_health_myths_most_people_believe/
happycow12	Feminism	AntixD	TheRedPill	happycow12	AntixD	Undirected	49952		1.0		http://www.reddit.com/r/AskReddit/comments/2podo2/reddit_what_are_health_myths_most_people_believe/
happycow12	Feminism	JazzerciseMaster	TheRedPill	happycow12	JazzerciseMaster	Undirected	49969		1.0		http://www.reddit.com/r/AskReddit/comments/2podo2/reddit_what_are_health_myths_most_people_believe/
Tysonzero	Feminism	crasher555	TheRedPill	Tysonzero	crasher555	Undirected	75037		1.0		http://www.reddit.com/r/AskReddit/comments/2pjsf9/garbage_men_of_reddit_whats_the_most_illegal/
vixensvicodin	Feminism	Squeezymypenisy	TheRedPill	vixensvicodin	Squeezymypenisy	Undirected	74761		1.0		http://www.reddit.com/r/AskReddit/comments/2pfis1/what_was_your_best_moment_of_2014/
Mightyskunk	TheRedPill	vixensvicodin	Feminism	Mightyskunk	vixensvicodin	Undirected	70575		1.0		http://www.reddit.com/r/AskReddit/comments/2pduzi/what_slang_terms_did_you_accidentally_get/
vixensvicodin	Feminism	Dopebear	TheRedPill	vixensvicodin	Dopebear	Undirected	74751		1.0		http://www.reddit.com/r/AskReddit/comments/2pduzi/what_slang_terms_did_you_accidentally_get/
Buckfost	TheRedPill	Bphan01	Feminism	Buckfost	Bphan01	Undirected	67849		1.0		http://www.reddit.com/r/AskReddit/comments/2pcodr/if_you_could_erase_one_discovery_or_invention_for/
